Time,Global IFN Concentration Per Cell,Total Extracellular Virions,Total Extracellular DIPs,Percentage Dead Cells,Percentage Susceptible Cells,Percentage Infected Cells,Percentage Infected DIP-only Cells,Percentage Infected Both Cells,Percentage Antiviral Cells,Regrowth Count,Percentage Susceptible and Antiviral (Real Susceptible cells without regrowthed ones) Cells,Percentage Regrowthed or Regrowthed and Antiviral Cells,Probability Virion Infection,Probability DIP Infection,Per Particle Infection Chance RHO,Total Local Particles,Plaque Percentage,max_global_IFN,time_all_cells_uninfected,Percentage Uninfected Cells,num_plaques,GRID_SIZE,TIMESTEP,IFN_DELAY,STD_IFN_DELAY,ALPHA,RHO,TAU,BURST_SIZE,REGROWTH_MEAN,REGROWTH_STD,TIME_STEPS,MEAN_LYSIS_TIME,STANDARD_LYSIS_TIME,init_v_pfu_per_cell,init_d_pfu_per_cell,MEAN_ANTI_TIME_Per_Cell,STD_ANTI_TIME,R,DIP_BURST_PCT,H,virion_clearance_rate,dip_clearance_rate,option,d_pfu_initial,v_pfu_initial,virionOnlyInfected,dipOnlyInfected,bothInfected
0,-0.000000,50,0,0.000000,99.996142,0.003858,0.000000,0.000000,0.000000,0,99.996142,0.000000,-1.0,-1.0,0.025237,50,0.000000,0.000000,-1.0,99.996142,0,360,1,5,1,1.500000,0.025237,120.000000,100,24.000000,6.000000,145,12.000000,3.000000,0.000386,0.000000,0.000000,-1.0,1.000000,0,-1.0,-1.0,-1.0,3,0,50,5,0,0
1,-0.000000,50,0,0.000000,99.994599,0.005401,0.000000,0.000000,0.000000,0,99.994599,0.000000,-1.0,-1.0,0.025237,50,0.000000,0.000000,-1.0,99.994599,0,360,1,5,1,1.500000,0.025237,120.000000,100,24.000000,6.000000,145,12.000000,3.000000,0.000386,0.000000,0.000000,-1.0,1.000000,0,-1.0,-1.0,-1.0,3,0,50,7,0,0
2,-0.000000,50,0,0.000000,99.993827,0.006173,0.000000,0.000000,0.000000,0,99.993827,0.000000,-1.0,-1.0,0.025237,50,0.000000,0.000000,-1.0,99.993827,0,360,1,5,1,1.500000,0.025237,120.000000,100,24.000000,6.000000,145,12.000000,3.000000,0.000386,0.000000,0.000000,-1.0,1.000000,0,-1.0,-1.0,-1.0,3,0,50,8,0,0
3,-0.000000,50,0,0.000000,99.993056,0.006944,0.000000,0.000000,0.000000,0,99.993056,0.000000,-1.0,-1.0,0.025237,50,0.000000,0.000000,-1.0,99.993056,0,360,1,5,1,1.500000,0.025237,120.000000,100,24.000000,6.000000,145,12.000000,3.000000,0.000386,0.000000,0.000000,-1.0,1.000000,0,-1.0,-1.0,-1.0,3,0,50,9,0,0
4,-0.000000,50,0,0.000000,99.992284,0.007716,0.000000,0.000000,0.000000,0,99.992284,0.000000,-1.0,-1.0,0.025237,50,0.000000,0.000000,-1.0,99.992284,0,360,1,5,1,1.500000,0.025237,120.000000,100,24.000000,6.000000,145,12.000000,3.000000,0.000386,0.000000,0.000000,-1.0,1.000000,0,-1.0,-1.0,-1.0,3,0,50,10,0,0
5,-0.000000,50,0,0.000000,99.991512,0.008488,0.000000,0.000000,0.000000,0,99.991512,0.000000,-1.0,-1.0,0.025237,50,0.000000,0.000000,-1.0,99.991512,0,360,1,5,1,1.500000,0.025237,120.000000,100,24.000000,6.000000,145,12.000000,3.000000,0.000386,0.000000,0.000000,-1.0,1.000000,0,-1.0,-1.0,-1.0,3,0,50,11,0,0
6,-0.000000,50,0,0.000000,99.990741,0.009259,0.000000,0.000000,0.000000,0,99.990741,0.000000,-1.0,-1.0,0.025237,50,0.000000,0.000000,-1.0,99.990741,0,360,1,5,1,1.500000,0.025237,120.000000,100,24.000000,6.000000,145,12.000000,3.000000,0.000386,0.000000,0.000000,-1.0,1.000000,0,-1.0,-1.0,-1.0,3,0,50,12,0,0
7,0.000000,50,0,0.000000,99.989969,0.010031,0.000000,0.000000,0.000000,0,99.989969,0.000000,-1.0,-1.0,0.025237,50,0.000000,0.000000,-1.0,99.989969,0,360,1,5,1,1.500000,0.025237,120.000000,100,24.000000,6.000000,145,12.000000,3.000000,0.000386,0.000000,0.000000,-1.0,1.000000,0,-1.0,-1.0,-1.0,3,0,50,13,0,0
8,0.000000,50,0,0.000000,99.989969,0.010031,0.000000,0.000000,0.000000,0,99.989969,0.000000,-1.0,-1.0,0.025237,50,0.000000,0.000031,-1.0,99.989969,0,360,1,5,1,1.500000,0.025237,120.000000,100,24.000000,6.000000,145,12.000000,3.000000,0.000386,0.000000,0.000000,-1.0,1.000000,0,-1.0,-1.0,-1.0,3,0,50,13,0,0
9,0.000000,50,0,0.000000,99.986883,0.010802,0.000000,0.000000,0.002315,0,99.986883,0.002315,-1.0,-1.0,0.025237,50,0.000000,0.000054,-1.0,99.986883,0,360,1,5,1,1.500000,0.025237,120.000000,100,24.000000,6.000000,145,12.000000,3.000000,0.000386,0.000000,0.000000,-1.0,1.000000,0,-1.0,-1.0,-1.0,3,0,50,14,0,0
10,0.000000,146,0,0.000772,99.985340,0.010031,0.000000,0.000000,0.003858,0,99.985340,0.003858,-1.0,-1.0,0.025237,146,0.000772,0.000062,-1.0,99.985340,0,360,1,5,1,1.500000,0.025237,120.000000,100,24.000000,6.000000,145,12.000000,3.000000,0.000386,0.000000,-30.000000,-1.0,1.000000,0,-1.0,-1.0,-1.0,3,0,50,13,0,0
11,0.000000,146,0,0.000772,99.980710,0.013889,0.000000,0.000000,0.004630,0,99.980710,0.004630,-1.0,-1.0,0.025237,146,0.000772,0.000069,-1.0,99.980710,0,360,1,5,1,1.500000,0.025237,120.000000,100,24.000000,6.000000,145,12.000000,3.000000,0.000386,0.000000,-44.666667,-1.0,1.000000,0,-1.0,-1.0,-1.0,3,0,50,18,0,0
12,0.000000,242,0,0.001543,99.979938,0.013889,0.000000,0.000000,0.004630,0,99.979938,0.004630,-1.0,-1.0,0.025237,242,0.001543,0.000069,-1.0,99.979938,0,360,1,5,1,1.500000,0.025237,120.000000,100,24.000000,6.000000,145,12.000000,3.000000,0.000386,0.000000,-59.666667,-1.0,1.000000,0,-1.0,-1.0,-1.0,3,0,50,18,0,0
13,0.000000,626,0,0.004630,99.976080,0.014660,0.000000,0.000000,0.004630,0,99.976080,0.004630,-1.0,-1.0,0.025237,626,0.004630,0.000069,-1.0,99.976080,0,360,1,5,1,1.500000,0.025237,120.000000,100,24.000000,6.000000,145,12.000000,3.000000,0.000386,0.000000,-74.666667,-1.0,1.000000,0,-1.0,-1.0,-1.0,3,0,50,19,0,0
14,0.000000,914,0,0.006944,99.965278,0.022377,0.000000,0.000000,0.005401,0,99.965278,0.005401,-1.0,-1.0,0.025237,914,0.006944,0.000069,-1.0,99.965278,0,360,1,5,1,1.500000,0.025237,120.000000,100,24.000000,6.000000,145,12.000000,3.000000,0.000386,0.000000,-53.000000,-1.0,1.000000,0,-1.0,-1.0,-1.0,3,0,50,29,0,0
15,0.000000,1010,0,0.007716,99.949074,0.037809,0.000000,0.000000,0.005401,0,99.949074,0.005401,-1.0,-1.0,0.025237,1010,0.007716,0.000069,-1.0,99.949074,0,360,1,5,1,1.500000,0.025237,120.000000,100,24.000000,6.000000,145,12.000000,3.000000,0.000386,0.000000,-62.000000,-1.0,1.000000,0,-1.0,-1.0,-1.0,3,0,50,49,0,0
16,0.000000,1010,0,0.007716,99.936728,0.049383,0.000000,0.000000,0.006173,0,99.936728,0.006173,-1.0,-1.0,0.025237,1010,0.007716,0.000069,-1.0,99.936728,0,360,1,5,1,1.500000,0.025237,120.000000,100,24.000000,6.000000,145,12.000000,3.000000,0.000386,0.000000,-58.000000,-1.0,1.000000,0,-1.0,-1.0,-1.0,3,0,50,64,0,0
17,0.000000,1010,0,0.007716,99.915123,0.069444,0.000000,0.000000,0.007716,0,99.915123,0.007716,-1.0,-1.0,0.025237,1010,0.007716,0.000069,-1.0,99.915123,0,360,1,5,1,1.500000,0.025237,120.000000,100,24.000000,6.000000,145,12.000000,3.000000,0.000386,0.000000,-63.166667,-1.0,1.000000,0,-1.0,-1.0,-1.0,3,0,50,90,0,0
18,0.000000,1202,0,0.009259,99.904321,0.076389,0.000000,0.000000,0.010031,0,99.904321,0.010031,-1.0,-1.0,0.025237,1202,0.009259,0.000069,-1.0,99.904321,0,360,1,5,1,1.500000,0.025237,120.000000,100,24.000000,6.000000,145,12.000000,3.000000,0.000386,0.000000,-66.666667,-1.0,1.000000,0,-1.0,-1.0,-1.0,3,0,50,99,0,0
19,0.000000,1394,0,0.010802,99.893519,0.084877,0.000000,0.000000,0.010802,0,99.893519,0.010802,-1.0,-1.0,0.025237,1394,0.010802,0.000069,-1.0,99.893519,0,360,1,5,1,1.500000,0.025237,120.000000,100,24.000000,6.000000,145,12.000000,3.000000,0.000386,0.000000,-72.666667,-1.0,1.000000,0,-1.0,-1.0,-1.0,3,0,50,110,0,0
20,0.000000,1482,0,0.011574,99.875000,0.101852,0.000000,0.000000,0.011574,0,99.875000,0.011574,-1.0,-1.0,0.025237,1482,0.011574,0.000069,-1.0,99.875000,0,360,1,5,1,1.500000,0.025237,120.000000,100,24.000000,6.000000,145,12.000000,3.000000,0.000386,0.000000,-78.500000,-1.0,1.000000,0,-1.0,-1.0,-1.0,3,0,50,132,0,0
21,0.000000,1482,0,0.011574,99.860340,0.114198,0.000000,0.000000,0.013889,0,99.860340,0.013889,-1.0,-1.0,0.025237,1482,0.011574,0.000069,-1.0,99.860340,0,360,1,5,1,1.500000,0.025237,120.000000,100,24.000000,6.000000,145,12.000000,3.000000,0.000386,0.000000,-80.333333,-1.0,1.000000,0,-1.0,-1.0,-1.0,3,0,50,148,0,0
22,0.000000,1610,0,0.013117,99.852623,0.118827,0.000000,0.000000,0.015432,0,99.852623,0.015432,-1.0,-1.0,0.025237,1610,0.013117,0.000208,-1.0,99.852623,0,360,1,5,1,1.500000,0.025237,120.000000,100,24.000000,6.000000,145,12.000000,3.000000,0.000386,0.000000,-71.285714,-1.0,1.000000,0,-1.0,-1.0,-1.0,3,0,50,154,0,0
23,0.000000,1954,0,0.016975,99.836420,0.127315,0.000000,0.000000,0.019290,0,99.836420,0.019290,-1.0,-1.0,0.025237,1954,0.016975,0.000340,-1.0,99.836420,0,360,1,5,1,1.500000,0.025237,120.000000,100,24.000000,6.000000,145,12.000000,3.000000,0.000386,0.000000,-68.428571,-1.0,1.000000,0,-1.0,-1.0,-1.0,3,0,50,165,0,0
24,0.000000,2810,0,0.027006,99.821759,0.127315,0.000000,0.000000,0.023920,0,99.821759,0.023920,-1.0,-1.0,0.025237,2810,0.027006,0.000386,-1.0,99.821759,0,360,1,5,1,1.500000,0.025237,120.000000,100,24.000000,6.000000,145,12.000000,3.000000,0.000386,0.000000,-62.857143,-1.0,1.000000,0,-1.0,-1.0,-1.0,3,0,50,165,0,0
25,0.000000,3714,0,0.037037,99.790895,0.145062,0.000000,0.000000,0.027006,0,99.790895,0.027006,-1.0,-1.0,0.025237,3714,0.037037,0.000463,-1.0,99.790895,0,360,1,5,1,1.500000,0.025237,120.000000,100,24.000000,6.000000,145,12.000000,3.000000,0.000386,0.000000,-60.714286,-1.0,1.000000,0,-1.0,-1.0,-1.0,3,0,50,188,0,0
26,0.000000,4234,0,0.042438,99.749228,0.175154,0.000000,0.000000,0.032407,1,99.749228,0.033179,-1.0,-1.0,0.025237,4234,0.042438,0.000494,-1.0,99.750000,0,360,1,5,1,1.500000,0.025237,120.000000,100,24.000000,6.000000,145,12.000000,3.000000,0.000386,0.000000,-43.875000,-1.0,1.000000,0,-1.0,-1.0,-1.0,3,0,50,227,0,0
27,0.000000,5074,0,0.052469,99.704475,0.200617,0.000000,0.000000,0.041667,1,99.704475,0.042438,-1.0,-1.0,0.025237,5074,0.052469,0.000525,-1.0,99.705247,0,360,1,5,1,1.500000,0.025237,120.000000,100,24.000000,6.000000,145,12.000000,3.000000,0.000386,0.000000,-24.000000,-1.0,1.000000,0,-1.0,-1.0,-1.0,3,0,50,260,0,0
28,0.000000,6362,0,0.068673,99.664352,0.216821,0.000000,0.000000,0.049383,1,99.664352,0.050154,-1.0,-1.0,0.025237,6362,0.068673,0.000610,-1.0,99.665123,0,360,1,5,1,1.500000,0.025237,120.000000,100,24.000000,6.000000,145,12.000000,3.000000,0.000386,0.000000,-4.300000,-1.0,1.000000,0,-1.0,-1.0,-1.0,3,0,50,281,0,0
29,0.000000,7402,0,0.082562,99.635802,0.229167,0.000000,0.000000,0.051698,1,99.635802,0.052469,-1.0,-1.0,0.025237,7402,0.082562,0.000610,-1.0,99.636574,0,360,1,5,1,1.500000,0.025237,120.000000,100,24.000000,6.000000,145,12.000000,3.000000,0.000386,0.000000,-3.100000,-1.0,1.000000,0,-1.0,-1.0,-1.0,3,0,50,297,0,0
30,0.000000,8378,0,0.094907,99.601852,0.243827,0.000000,0.000000,0.058642,1,99.601852,0.059414,-1.0,-1.0,0.025237,8378,0.094907,0.000610,-1.0,99.602623,0,360,1,5,1,1.500000,0.025237,120.000000,100,24.000000,6.000000,145,12.000000,3.000000,0.000386,0.000000,10.153846,-1.0,1.000000,0,-1.0,-1.0,-1.0,3,0,50,316,0,0
31,0.000000,8970,0,0.102623,99.554784,0.276235,0.000000,0.000000,0.065586,1,99.554784,0.066358,-1.0,-1.0,0.025237,8970,0.102623,0.000610,-1.0,99.555556,0,360,1,5,1,1.500000,0.025237,120.000000,100,24.000000,6.000000,145,12.000000,3.000000,0.000386,0.000000,21.307692,-1.0,1.000000,0,-1.0,-1.0,-1.0,3,0,50,358,0,0
32,0.000000,9970,0,0.115741,99.520833,0.293981,0.000000,0.000000,0.069444,0,99.520833,0.069444,-1.0,-1.0,0.025237,9970,0.115741,0.000610,-1.0,99.520833,0,360,1,5,1,1.500000,0.025237,120.000000,100,24.000000,6.000000,145,12.000000,3.000000,0.000386,0.000000,25.071429,-1.0,1.000000,0,-1.0,-1.0,-1.0,3,0,50,381,0,0
33,0.000000,10978,0,0.127315,99.476852,0.320988,0.000000,0.000000,0.074846,0,99.476852,0.074846,-1.0,-1.0,0.025237,10978,0.127315,0.000694,-1.0,99.476852,0,360,1,5,1,1.500000,0.025237,120.000000,100,24.000000,6.000000,145,12.000000,3.000000,0.000386,0.000000,33.357143,-1.0,1.000000,0,-1.0,-1.0,-1.0,3,0,50,416,0,0
34,0.000000,11650,0,0.136574,99.436728,0.344907,0.000000,0.000000,0.081790,0,99.436728,0.081790,-1.0,-1.0,0.025237,11650,0.136574,0.000965,-1.0,99.436728,0,360,1,5,1,1.500000,0.025237,120.000000,100,24.000000,6.000000,145,12.000000,3.000000,0.000386,0.000000,43.200000,-1.0,1.000000,0,-1.0,-1.0,-1.0,3,0,50,447,0,0
35,0.000000,12706,0,0.150463,99.393519,0.364198,0.000000,0.000000,0.091821,0,99.393519,0.091821,-1.0,-1.0,0.025237,12706,0.150463,0.001165,-1.0,99.393519,0,360,1,5,1,1.500000,0.025237,120.000000,100,24.000000,6.000000,145,12.000000,3.000000,0.000386,0.000000,61.866667,-1.0,1.000000,0,-1.0,-1.0,-1.0,3,0,50,472,0,0
36,0.000000,14698,0,0.175926,99.350309,0.367284,0.000000,0.000000,0.106481,0,99.350309,0.106481,-1.0,-1.0,0.025237,14698,0.175926,0.001389,-1.0,99.350309,0,360,1,5,1,1.500000,0.025237,120.000000,100,24.000000,6.000000,145,12.000000,3.000000,0.000386,0.000000,78.722222,-1.0,1.000000,0,-1.0,-1.0,-1.0,3,0,50,476,0,0
37,0.000000,16346,0,0.198302,99.304784,0.384259,0.000000,0.000000,0.112654,0,99.304784,0.112654,-1.0,-1.0,0.025237,16346,0.198302,0.001389,-1.0,99.304784,0,360,1,5,1,1.500000,0.025237,120.000000,100,24.000000,6.000000,145,12.000000,3.000000,0.000386,0.000000,88.222222,-1.0,1.000000,0,-1.0,-1.0,-1.0,3,0,50,498,0,0
38,0.000000,18850,0,0.230710,99.243827,0.397377,0.000000,0.000000,0.128086,0,99.243827,0.128086,-1.0,-1.0,0.025237,18850,0.230710,0.001458,-1.0,99.243827,0,360,1,5,1,1.500000,0.025237,120.000000,100,24.000000,6.000000,145,12.000000,3.000000,0.000386,0.000000,106.550000,-1.0,1.000000,0,-1.0,-1.0,-1.0,3,0,50,515,0,0
39,0.000000,21794,0,0.269290,99.171296,0.412037,0.000000,0.000000,0.147377,0,99.171296,0.147377,-1.0,-1.0,0.025237,21794,0.269290,0.001458,-1.0,99.171296,0,360,1,5,1,1.500000,0.025237,120.000000,100,24.000000,6.000000,145,12.000000,3.000000,0.000386,0.000000,142.700000,-1.0,1.000000,0,-1.0,-1.0,-1.0,3,0,50,534,0,0
40,0.000000,23922,0,0.297840,99.076389,0.459105,0.000000,0.000000,0.166667,0,99.076389,0.166667,-1.0,-1.0,0.025237,23922,0.297840,0.001458,-1.0,99.076389,0,360,1,5,1,1.500000,0.025237,120.000000,100,24.000000,6.000000,145,12.000000,3.000000,0.000386,0.000000,144.960000,-1.0,1.000000,0,-1.0,-1.0,-1.0,3,0,50,595,0,0
41,0.000000,25986,0,0.327160,98.990741,0.496142,0.000000,0.000000,0.185957,0,98.990741,0.185957,-1.0,-1.0,0.025237,25986,0.327160,0.001481,-1.0,98.990741,0,360,1,5,1,1.500000,0.025237,120.000000,100,24.000000,6.000000,145,12.000000,3.000000,0.000386,0.000000,174.200000,-1.0,1.000000,0,-1.0,-1.0,-1.0,3,0,50,643,0,0
42,0.000000,28990,0,0.368056,98.913580,0.521605,0.000000,0.000000,0.196759,0,98.913580,0.196759,-1.0,-1.0,0.025237,28990,0.368056,0.001582,-1.0,98.913580,0,360,1,5,1,1.500000,0.025237,120.000000,100,24.000000,6.000000,145,12.000000,3.000000,0.000386,0.000000,156.967742,-1.0,1.000000,0,-1.0,-1.0,-1.0,3,0,50,676,0,0
43,0.000000,31738,0,0.405093,98.838735,0.542438,0.000000,0.000000,0.213735,0,98.838735,0.213735,-1.0,-1.0,0.025237,31738,0.405093,0.001582,-1.0,98.838735,0,360,1,5,1,1.500000,0.025237,120.000000,100,24.000000,6.000000,145,12.000000,3.000000,0.000386,0.000000,178.935484,-1.0,1.000000,0,-1.0,-1.0,-1.0,3,0,50,703,0,0
44,0.000000,34058,0,0.437500,98.753858,0.566358,0.000000,0.000000,0.242284,0,98.753858,0.242284,-1.0,-1.0,0.025237,34058,0.437500,0.001582,-1.0,98.753858,0,360,1,5,1,1.500000,0.025237,120.000000,100,24.000000,6.000000,145,12.000000,3.000000,0.000386,0.000000,194.857143,-1.0,1.000000,0,-1.0,-1.0,-1.0,3,0,50,734,0,0
45,0.000000,36734,0,0.475309,98.668210,0.585648,0.000000,0.000000,0.270833,0,98.668210,0.270833,-1.0,-1.0,0.025237,36734,0.475309,0.001582,-1.0,98.668210,0,360,1,5,1,1.500000,0.025237,120.000000,100,24.000000,6.000000,145,12.000000,3.000000,0.000386,0.000000,230.828571,-1.0,1.000000,0,-1.0,-1.0,-1.0,3,0,50,759,0,0
46,0.000000,39190,0,0.510031,98.568673,0.625772,0.000000,0.000000,0.295525,0,98.568673,0.295525,-1.0,-1.0,0.025237,39190,0.510031,0.001582,-1.0,98.568673,0,360,1,5,1,1.500000,0.025237,120.000000,100,24.000000,6.000000,145,12.000000,3.000000,0.000386,0.000000,221.642857,-1.0,1.000000,0,-1.0,-1.0,-1.0,3,0,50,811,0,0
47,0.000000,41710,0,0.543210,98.481481,0.658179,0.000000,0.000000,0.317130,0,98.481481,0.317130,-1.0,-1.0,0.025237,41710,0.543210,0.001728,-1.0,98.481481,0,360,1,5,1,1.500000,0.025237,120.000000,100,24.000000,6.000000,145,12.000000,3.000000,0.000386,0.000000,245.238095,-1.0,1.000000,0,-1.0,-1.0,-1.0,3,0,50,853,0,0
48,0.000000,44202,0,0.578704,98.379630,0.696759,0.000000,0.000000,0.344907,0,98.379630,0.344907,-1.0,-1.0,0.025237,44202,0.578704,0.002076,-1.0,98.379630,0,360,1,5,1,1.500000,0.025237,120.000000,100,24.000000,6.000000,145,12.000000,3.000000,0.000386,0.000000,219.203704,-1.0,1.000000,0,-1.0,-1.0,-1.0,3,0,50,903,0,0
49,0.000000,47418,0,0.621914,98.273148,0.722994,0.000000,0.000000,0.381173,1,98.273148,0.381944,-1.0,-1.0,0.025237,47418,0.621914,0.002492,-1.0,98.273920,0,360,1,5,1,1.500000,0.025237,120.000000,100,24.000000,6.000000,145,12.000000,3.000000,0.000386,0.000000,252.314815,-1.0,1.000000,0,-1.0,-1.0,-1.0,3,0,50,937,0,0
50,0.000000,50658,0,0.667438,98.177469,0.746142,0.000000,0.000000,0.408179,1,98.177469,0.408951,-1.0,-1.0,0.025237,50658,0.667438,0.002693,-1.0,98.178241,0,360,1,5,1,1.500000,0.025237,120.000000,100,24.000000,6.000000,145,12.000000,3.000000,0.000386,0.000000,237.093750,-1.0,1.000000,0,-1.0,-1.0,-1.0,3,0,50,967,0,0
51,0.000000,54214,0,0.714506,98.062500,0.763117,0.000000,0.000000,0.458333,2,98.062500,0.459877,-1.0,-1.0,0.025237,54214,0.714506,0.002863,-1.0,98.064043,0,360,1,5,1,1.500000,0.025237,120.000000,100,24.000000,6.000000,145,12.000000,3.000000,0.000386,0.000000,278.562500,-1.0,1.000000,0,-1.0,-1.0,-1.0,3,0,50,989,0,0
52,0.000000,59026,0,0.779321,97.929784,0.785494,0.000000,0.000000,0.503086,3,97.929784,0.505401,-1.0,-1.0,0.025237,59026,0.779321,0.002870,-1.0,97.932099,0,360,1,5,1,1.500000,0.025237,120.000000,100,24.000000,6.000000,145,12.000000,3.000000,0.000386,0.000000,302.626866,-1.0,1.000000,0,-1.0,-1.0,-1.0,3,0,50,1018,0,0
53,0.000000,64618,0,0.853395,97.786265,0.806327,0.000000,0.000000,0.549383,6,97.786265,0.554012,-1.0,-1.0,0.025237,64618,0.853395,0.002870,-1.0,97.790895,0,360,1,5,1,1.500000,0.025237,120.000000,100,24.000000,6.000000,145,12.000000,3.000000,0.000386,0.000000,340.462687,-1.0,1.000000,0,-1.0,-1.0,-1.0,3,0,50,1045,0,0
54,0.000000,68770,0,0.899691,97.639660,0.851852,0.000000,0.000000,0.598765,13,97.639660,0.608796,-1.0,-1.0,0.025237,68770,0.899691,0.002870,-1.0,97.649691,0,360,1,5,1,1.500000,0.025237,120.000000,100,24.000000,6.000000,145,12.000000,3.000000,0.000386,0.000000,339.657895,-1.0,1.000000,0,-1.0,-1.0,-1.0,3,0,50,1104,0,0
55,0.000000,73010,0,0.945216,97.467593,0.914352,0.000000,0.000000,0.657407,20,97.467593,0.672840,-1.0,-1.0,0.025237,73010,0.945216,0.002870,-1.0,97.483025,0,360,1,5,1,1.500000,0.025237,120.000000,100,24.000000,6.000000,145,12.000000,3.000000,0.000386,0.000000,384.065789,-1.0,1.000000,0,-1.0,-1.0,-1.0,3,0,50,1185,0,0
56,0.000000,76934,0,0.979167,97.307099,0.962963,0.000000,0.000000,0.726852,31,97.307099,0.750772,-1.0,-1.0,0.025237,76934,0.979167,0.002932,-1.0,97.331019,0,360,1,5,1,1.500000,0.025237,120.000000,100,24.000000,6.000000,145,12.000000,3.000000,0.000386,0.000000,394.423529,-1.0,1.000000,0,-1.0,-1.0,-1.0,3,0,50,1248,0,0
57,0.000000,81694,0,1.028549,97.151235,1.009259,0.000000,0.000000,0.789352,28,97.151235,0.810957,-1.0,-1.0,0.025237,81694,1.028549,0.003063,-1.0,97.172840,0,360,1,5,1,1.500000,0.025237,120.000000,100,24.000000,6.000000,145,12.000000,3.000000,0.000386,0.000000,439.447059,-1.0,1.000000,0,-1.0,-1.0,-1.0,3,0,50,1308,0,0
58,0.000000,86410,0,1.074074,96.985340,1.048611,0.000000,0.000000,0.864969,35,96.985340,0.891975,-1.0,-1.0,0.025237,86410,1.074074,0.003063,-1.0,97.012346,0,360,1,5,1,1.500000,0.025237,120.000000,100,24.000000,6.000000,145,12.000000,3.000000,0.000386,0.000000,468.122222,-1.0,1.000000,0,-1.0,-1.0,-1.0,3,0,50,1359,0,0
59,0.000000,91826,0,1.128086,96.812500,1.081019,0.000000,0.000000,0.948302,39,96.812500,0.978395,-1.0,-1.0,0.025237,91826,1.128086,0.003071,-1.0,96.842593,0,360,1,5,1,1.500000,0.025237,120.000000,100,24.000000,6.000000,145,12.000000,3.000000,0.000386,0.000000,526.422222,-1.0,1.000000,0,-1.0,-1.0,-1.0,3,0,50,1401,0,0
60,0.000000,96150,0,1.166667,96.641975,1.132716,0.000000,0.000000,1.030864,36,96.641975,1.058642,-1.0,-1.0,0.025237,96150,1.166667,0.003248,-1.0,96.669753,0,360,1,5,1,1.500000,0.025237,120.000000,100,24.000000,6.000000,145,12.000000,3.000000,0.000386,0.000000,545.649485,-1.0,1.000000,0,-1.0,-1.0,-1.0,3,0,50,1468,0,0
61,0.000000,102162,0,1.232253,96.448302,1.166667,0.000000,0.000000,1.128086,32,96.448302,1.152778,-1.0,-1.0,0.025237,102162,1.232253,0.003642,-1.0,96.472994,0,360,1,5,1,1.500000,0.025237,120.000000,100,24.000000,6.000000,145,12.000000,3.000000,0.000386,0.000000,611.587629,-1.0,1.000000,0,-1.0,-1.0,-1.0,3,0,50,1512,0,0
62,0.000000,107330,0,1.285494,96.233796,1.229938,0.000000,0.000000,1.222222,37,96.233796,1.250772,-1.0,-1.0,0.025237,107330,1.285494,0.003866,-1.0,96.262346,0,360,1,5,1,1.500000,0.025237,120.000000,100,24.000000,6.000000,145,12.000000,3.000000,0.000386,0.000000,621.254717,-1.0,1.000000,0,-1.0,-1.0,-1.0,3,0,50,1594,0,0
63,0.000000,112730,0,1.343364,96.025463,1.280093,0.000000,0.000000,1.327160,31,96.025463,1.351080,-1.0,-1.0,0.025237,112730,1.343364,0.004336,-1.0,96.049383,0,360,1,5,1,1.500000,0.025237,120.000000,100,24.000000,6.000000,145,12.000000,3.000000,0.000386,0.000000,689.396226,-1.0,1.000000,0,-1.0,-1.0,-1.0,3,0,50,1659,0,0
64,0.000000,119270,0,1.418981,95.803241,1.311728,0.000000,0.000000,1.444444,28,95.803241,1.466049,-1.0,-1.0,0.025237,119270,1.418981,0.004614,-1.0,95.824846,0,360,1,5,1,1.500000,0.025237,120.000000,100,24.000000,6.000000,145,12.000000,3.000000,0.000386,0.000000,685.411765,-1.0,1.000000,0,-1.0,-1.0,-1.0,3,0,50,1700,0,0
65,0.000000,126430,0,1.498457,95.570216,1.344907,0.000000,0.000000,1.560957,33,95.570216,1.586420,-1.0,-1.0,0.025237,126430,1.498457,0.004877,-1.0,95.595679,0,360,1,5,1,1.500000,0.025237,120.000000,100,24.000000,6.000000,145,12.000000,3.000000,0.000386,0.000000,754.823529,-1.0,1.000000,0,-1.0,-1.0,-1.0,3,0,50,1743,0,0
66,0.000000,133986,0,1.582562,95.290123,1.386574,0.000000,0.000000,1.706019,45,95.290123,1.740741,-1.0,-1.0,0.025237,133986,1.582562,0.004931,-1.0,95.324846,0,360,1,5,1,1.500000,0.025237,120.000000,100,24.000000,6.000000,145,12.000000,3.000000,0.000386,0.000000,732.123188,-1.0,1.000000,0,-1.0,-1.0,-1.0,3,0,50,1797,0,0
67,0.000000,143178,0,1.694444,95.000772,1.414352,0.000000,0.000000,1.866512,31,95.000772,1.890432,-1.0,-1.0,0.025237,143178,1.694444,0.004931,-1.0,95.024691,0,360,1,5,1,1.500000,0.025237,120.000000,100,24.000000,6.000000,145,12.000000,3.000000,0.000386,0.000000,817.710145,-1.0,1.000000,0,-1.0,-1.0,-1.0,3,0,50,1833,0,0
68,0.000000,149690,0,1.753858,94.685185,1.488426,0.000000,0.000000,2.039352,43,94.685185,2.072531,-1.0,-1.0,0.025237,149690,1.753858,0.004931,-1.0,94.718364,0,360,1,5,1,1.500000,0.025237,120.000000,100,24.000000,6.000000,145,12.000000,3.000000,0.000386,0.000000,863.061644,-1.0,1.000000,0,-1.0,-1.0,-1.0,3,0,50,1929,0,0
69,0.000000,156634,0,1.820216,94.399691,1.530093,0.000000,0.000000,2.208333,54,94.399691,2.250000,-1.0,-1.0,0.025237,156634,1.820216,0.005077,-1.0,94.441358,0,360,1,5,1,1.500000,0.025237,120.000000,100,24.000000,6.000000,145,12.000000,3.000000,0.000386,0.000000,952.650685,-1.0,1.000000,0,-1.0,-1.0,-1.0,3,0,50,1983,0,0
70,0.000000,164938,0,1.895062,94.097222,1.555556,0.000000,0.000000,2.398920,69,94.097222,2.452160,-1.0,-1.0,0.025237,164938,1.895062,0.005378,-1.0,94.150463,0,360,1,5,1,1.500000,0.025237,120.000000,100,24.000000,6.000000,145,12.000000,3.000000,0.000386,0.000000,930.783133,-1.0,1.000000,0,-1.0,-1.0,-1.0,3,0,50,2016,0,0
71,0.000000,172218,0,1.947531,93.782407,1.623457,0.000000,0.000000,2.587191,77,93.782407,2.646605,-1.0,-1.0,0.025237,172218,1.947531,0.005378,-1.0,93.841821,0,360,1,5,1,1.500000,0.025237,120.000000,100,24.000000,6.000000,145,12.000000,3.000000,0.000386,0.000000,1020.234940,-1.0,1.000000,0,-1.0,-1.0,-1.0,3,0,50,2104,0,0
72,0.000000,179326,0,1.985340,93.454475,1.698302,0.000000,0.000000,2.786265,98,93.454475,2.861883,-1.0,-1.0,0.025237,179326,1.985340,0.005455,-1.0,93.530093,0,360,1,5,1,1.500000,0.025237,120.000000,100,24.000000,6.000000,145,12.000000,3.000000,0.000386,0.000000,975.497382,-1.0,1.000000,0,-1.0,-1.0,-1.0,3,0,50,2201,0,0
73,0.000000,187438,0,2.021605,93.118827,1.758488,0.000000,0.000000,3.000772,130,93.118827,3.101080,-1.0,-1.0,0.025237,187438,2.021605,0.005772,-1.0,93.219136,0,360,1,5,1,1.500000,0.025237,120.000000,100,24.000000,6.000000,145,12.000000,3.000000,0.000386,0.000000,1067.287958,-1.0,1.000000,0,-1.0,-1.0,-1.0,3,0,50,2279,0,0
74,0.000000,195418,0,2.048611,92.742284,1.864198,0.000000,0.000000,3.242284,133,92.742284,3.344907,-1.0,-1.0,0.025237,195418,2.048611,0.006119,-1.0,92.844907,0,360,1,5,1,1.500000,0.025237,120.000000,100,24.000000,6.000000,145,12.000000,3.000000,0.000386,0.000000,1040.064815,-1.0,1.000000,0,-1.0,-1.0,-1.0,3,0,50,2416,0,0
75,0.000000,205586,0,2.132716,92.383488,1.918981,0.000000,0.000000,3.480710,109,92.383488,3.564815,-1.0,-1.0,0.025237,205586,2.132716,0.006466,-1.0,92.467593,0,360,1,5,1,1.500000,0.025237,120.000000,100,24.000000,6.000000,145,12.000000,3.000000,0.000386,0.000000,1133.407407,-1.0,1.000000,0,-1.0,-1.0,-1.0,3,0,50,2487,0,0
76,0.000000,213694,0,2.173611,91.956019,2.004630,0.000000,0.000000,3.771605,122,91.956019,3.865741,-1.0,-1.0,0.025237,213694,2.173611,0.006659,-1.0,92.050154,0,360,1,5,1,1.500000,0.025237,120.000000,100,24.000000,6.000000,145,12.000000,3.000000,0.000386,0.000000,1122.178423,-1.0,1.000000,0,-1.0,-1.0,-1.0,3,0,50,2598,0,0
77,0.000000,223694,0,2.245370,91.531636,2.069444,0.000000,0.000000,4.053241,130,91.531636,4.153549,-1.0,-1.0,0.025237,223694,2.245370,0.006852,-1.0,91.631944,0,360,1,5,1,1.500000,0.025237,120.000000,100,24.000000,6.000000,145,12.000000,3.000000,0.000386,0.000000,1224.020747,-1.0,1.000000,0,-1.0,-1.0,-1.0,3,0,50,2682,0,0
78,0.000000,235390,0,2.327932,91.091821,2.116512,0.000000,0.000000,4.352623,144,91.091821,4.463735,-1.0,-1.0,0.025237,235390,2.327932,0.006852,-1.0,91.202932,0,360,1,5,1,1.500000,0.025237,120.000000,100,24.000000,6.000000,145,12.000000,3.000000,0.000386,0.000000,1263.011765,-1.0,1.000000,0,-1.0,-1.0,-1.0,3,0,50,2743,0,0
79,0.000000,246118,0,2.402778,90.654321,2.196759,0.000000,0.000000,4.645062,131,90.654321,4.746142,-1.0,-1.0,0.025237,246118,2.402778,0.006983,-1.0,90.755401,0,360,1,5,1,1.500000,0.025237,120.000000,100,24.000000,6.000000,145,12.000000,3.000000,0.000386,0.000000,1365.658824,-1.0,1.000000,0,-1.0,-1.0,-1.0,3,0,50,2847,0,0
80,0.000000,257154,0,2.471451,90.167438,2.262346,0.000000,0.000000,4.995370,134,90.167438,5.098765,-1.0,-1.0,0.025237,257154,2.471451,0.007029,-1.0,90.270833,0,360,1,5,1,1.500000,0.025237,120.000000,100,24.000000,6.000000,145,12.000000,3.000000,0.000386,0.000000,1374.382671,-1.0,1.000000,0,-1.0,-1.0,-1.0,3,0,50,2932,0,0
81,0.000000,266610,0,2.518519,89.623457,2.385802,0.000000,0.000000,5.367284,136,89.623457,5.472222,-1.0,-1.0,0.025237,266610,2.518519,0.007168,-1.0,89.728395,0,360,1,5,1,1.500000,0.025237,120.000000,100,24.000000,6.000000,145,12.000000,3.000000,0.000386,0.000000,1498.570397,-1.0,1.000000,0,-1.0,-1.0,-1.0,3,0,50,3092,0,0
82,0.000000,278622,0,2.600309,89.104938,2.442130,0.000000,0.000000,5.743056,142,89.104938,5.852623,-1.0,-1.0,0.025237,278622,2.600309,0.007994,-1.0,89.214506,0,360,1,5,1,1.500000,0.025237,120.000000,100,24.000000,6.000000,145,12.000000,3.000000,0.000386,0.000000,1438.168790,-1.0,1.000000,0,-1.0,-1.0,-1.0,3,0,50,3165,0,0
83,0.000000,290302,0,2.688272,88.550926,2.515432,0.000000,0.000000,6.145062,130,88.550926,6.245370,-1.0,-1.0,0.025237,290302,2.688272,0.008241,-1.0,88.651235,0,360,1,5,1,1.500000,0.025237,120.000000,100,24.000000,6.000000,145,12.000000,3.000000,0.000386,0.000000,1559.194268,-1.0,1.000000,0,-1.0,-1.0,-1.0,3,0,50,3260,0,0
84,0.000000,302750,0,2.771605,87.959877,2.562500,0.000000,0.000000,6.594907,144,87.959877,6.706019,-1.0,-1.0,0.025237,302750,2.771605,0.008665,-1.0,88.070988,0,360,1,5,1,1.500000,0.025237,120.000000,100,24.000000,6.000000,145,12.000000,3.000000,0.000386,0.000000,1521.857550,-1.0,1.000000,0,-1.0,-1.0,-1.0,3,0,50,3321,0,0
85,0.000000,314710,0,2.843364,87.375000,2.627315,0.000000,0.000000,7.037037,152,87.375000,7.154321,-1.0,-1.0,0.025237,314710,2.843364,0.008989,-1.0,87.492284,0,360,1,5,1,1.500000,0.025237,120.000000,100,24.000000,6.000000,145,12.000000,3.000000,0.000386,0.000000,1644.378917,-1.0,1.000000,0,-1.0,-1.0,-1.0,3,0,50,3405,0,0
86,0.000000,327458,0,2.924383,86.775463,2.689815,0.000000,0.000000,7.486111,161,86.775463,7.610340,-1.0,-1.0,0.025237,327458,2.924383,0.009267,-1.0,86.899691,0,360,1,5,1,1.500000,0.025237,120.000000,100,24.000000,6.000000,145,12.000000,3.000000,0.000386,0.000000,1626.545692,-1.0,1.000000,0,-1.0,-1.0,-1.0,3,0,50,3486,0,0
87,0.000000,342342,0,3.027778,86.141204,2.692130,0.000000,0.000000,8.002315,177,86.141204,8.138889,-1.0,-1.0,0.025237,342342,3.027778,0.009607,-1.0,86.277778,0,360,1,5,1,1.500000,0.025237,120.000000,100,24.000000,6.000000,145,12.000000,3.000000,0.000386,0.000000,1761.749347,-1.0,1.000000,0,-1.0,-1.0,-1.0,3,0,50,3489,0,0
88,0.000000,355870,0,3.093364,85.495370,2.754630,0.000000,0.000000,8.503858,198,85.495370,8.656636,-1.0,-1.0,0.025237,355870,3.093364,0.009745,-1.0,85.648148,0,360,1,5,1,1.500000,0.025237,120.000000,100,24.000000,6.000000,145,12.000000,3.000000,0.000386,0.000000,1768.065693,-1.0,1.000000,0,-1.0,-1.0,-1.0,3,0,50,3570,0,0
89,0.000000,370838,0,3.179784,84.830247,2.790895,0.000000,0.000000,9.038580,208,84.830247,9.199074,-1.0,-1.0,0.025237,370838,3.179784,0.010286,-1.0,84.990741,0,360,1,5,1,1.500000,0.025237,120.000000,100,24.000000,6.000000,145,12.000000,3.000000,0.000386,0.000000,1901.737226,-1.0,1.000000,0,-1.0,-1.0,-1.0,3,0,50,3617,0,0
90,0.000000,386422,0,3.258488,84.162809,2.837191,0.000000,0.000000,9.574074,217,84.162809,9.741512,-1.0,-1.0,0.025237,386422,3.258488,0.010440,-1.0,84.330247,0,360,1,5,1,1.500000,0.025237,120.000000,100,24.000000,6.000000,145,12.000000,3.000000,0.000386,0.000000,1877.116331,-1.0,1.000000,0,-1.0,-1.0,-1.0,3,0,50,3677,0,0
91,0.000000,401402,0,3.337963,83.403549,2.898148,0.000000,0.000000,10.184414,228,83.403549,10.360340,-1.0,-1.0,0.025237,401402,3.337963,0.010448,-1.0,83.579475,0,360,1,5,1,1.500000,0.025237,120.000000,100,24.000000,6.000000,145,12.000000,3.000000,0.000386,0.000000,2021.223714,-1.0,1.000000,0,-1.0,-1.0,-1.0,3,0,50,3756,0,0
92,0.000000,417194,0,3.425926,82.691358,2.959877,0.000000,0.000000,10.760802,210,82.691358,10.922840,-1.0,-1.0,0.025237,417194,3.425926,0.010448,-1.0,82.853395,0,360,1,5,1,1.500000,0.025237,120.000000,100,24.000000,6.000000,145,12.000000,3.000000,0.000386,0.000000,1956.868421,-1.0,1.000000,0,-1.0,-1.0,-1.0,3,0,50,3836,0,0
93,0.000000,433278,0,3.506944,81.965278,2.981481,0.000000,0.000000,11.371914,226,81.965278,11.546296,-1.0,-1.0,0.025237,433278,3.506944,0.010509,-1.0,82.139660,0,360,1,5,1,1.500000,0.025237,120.000000,100,24.000000,6.000000,145,12.000000,3.000000,0.000386,0.000000,2092.184211,-1.0,1.000000,0,-1.0,-1.0,-1.0,3,0,50,3864,0,0
94,0.000000,448242,0,3.583333,81.187500,3.061728,0.000000,0.000000,12.010031,204,81.187500,12.167438,-1.0,-1.0,0.025237,448242,3.583333,0.010579,-1.0,81.344907,0,360,1,5,1,1.500000,0.025237,120.000000,100,24.000000,6.000000,145,12.000000,3.000000,0.000386,0.000000,2088.809074,-1.0,1.000000,0,-1.0,-1.0,-1.0,3,0,50,3968,0,0
95,0.000000,462514,0,3.646605,80.382716,3.113426,0.000000,0.000000,12.695988,209,80.382716,12.857253,-1.0,-1.0,0.025237,462514,3.646605,0.010579,-1.0,80.543981,0,360,1,5,1,1.500000,0.025237,120.000000,100,24.000000,6.000000,145,12.000000,3.000000,0.000386,0.000000,2232.051040,-1.0,1.000000,0,-1.0,-1.0,-1.0,3,0,50,4035,0,0
96,0.000000,477394,0,3.695988,79.532407,3.150463,0.000000,0.000000,13.439043,236,79.532407,13.621142,-1.0,-1.0,0.025237,477394,3.695988,0.011142,-1.0,79.714506,0,360,1,5,1,1.500000,0.025237,120.000000,100,24.000000,6.000000,145,12.000000,3.000000,0.000386,0.000000,2132.968013,-1.0,1.000000,0,-1.0,-1.0,-1.0,3,0,50,4083,0,0
97,0.000000,493630,0,3.783179,78.747685,3.156636,0.000000,0.000000,14.137346,227,78.747685,14.312500,-1.0,-1.0,0.025237,493630,3.783179,0.011343,-1.0,78.922840,0,360,1,5,1,1.500000,0.025237,120.000000,100,24.000000,6.000000,145,12.000000,3.000000,0.000386,0.000000,2266.043771,-1.0,1.000000,0,-1.0,-1.0,-1.0,3,0,50,4091,0,0
98,0.000000,510730,0,3.821759,77.865741,3.192130,0.000000,0.000000,14.883488,307,77.865741,15.120370,-1.0,-1.0,0.025237,510730,3.821759,0.011705,-1.0,78.102623,0,360,1,5,1,1.500000,0.025237,120.000000,100,24.000000,6.000000,145,12.000000,3.000000,0.000386,0.000000,2199.407975,-1.0,1.000000,0,-1.0,-1.0,-1.0,3,0,50,4137,0,0
99,0.000000,527250,0,3.854167,76.928241,3.284722,0.000000,0.000000,15.696759,306,76.928241,15.932870,-1.0,-1.0,0.025237,527250,3.854167,0.011960,-1.0,77.164352,0,360,1,5,1,1.500000,0.025237,120.000000,100,24.000000,6.000000,145,12.000000,3.000000,0.000386,0.000000,2344.773006,-1.0,1.000000,0,-1.0,-1.0,-1.0,3,0,50,4257,0,0
100,0.000000,543614,0,3.910494,76.025463,3.358796,0.000000,0.000000,16.490741,278,76.025463,16.705247,-1.0,-1.0,0.025237,543614,3.910494,0.012276,-1.0,76.239969,0,360,1,5,1,1.500000,0.025237,120.000000,100,24.000000,6.000000,145,12.000000,3.000000,0.000386,0.000000,2281.316011,-1.0,1.000000,0,-1.0,-1.0,-1.0,3,0,50,4353,0,0
101,0.000000,561054,0,3.980710,75.039352,3.396605,0.000000,0.000000,17.374228,271,75.039352,17.583333,-1.0,-1.0,0.025237,561054,3.980710,0.012516,-1.0,75.248457,0,360,1,5,1,1.500000,0.025237,120.000000,100,24.000000,6.000000,145,12.000000,3.000000,0.000386,0.000000,2428.702247,-1.0,1.000000,0,-1.0,-1.0,-1.0,3,0,50,4402,0,0
102,0.000000,577882,0,4.023920,74.048611,3.466049,0.000000,0.000000,18.243827,282,74.048611,18.461420,-1.0,-1.0,0.025237,577882,4.023920,0.012600,-1.0,74.266204,0,360,1,5,1,1.500000,0.025237,120.000000,100,24.000000,6.000000,145,12.000000,3.000000,0.000386,0.000000,2367.313144,-1.0,1.000000,0,-1.0,-1.0,-1.0,3,0,50,4492,0,0
103,0.000000,595022,0,4.073302,73.074074,3.517747,0.000000,0.000000,19.098765,306,73.074074,19.334877,-1.0,-1.0,0.025237,595022,4.073302,0.012600,-1.0,73.310185,0,360,1,5,1,1.500000,0.025237,120.000000,100,24.000000,6.000000,145,12.000000,3.000000,0.000386,0.000000,2501.002577,-1.0,1.000000,0,-1.0,-1.0,-1.0,3,0,50,4559,0,0
104,0.000000,613154,0,4.130401,72.033951,3.544753,0.000000,0.000000,20.045525,318,72.033951,20.290895,-1.0,-1.0,0.025237,613154,4.130401,0.012600,-1.0,72.279321,0,360,1,5,1,1.500000,0.025237,120.000000,100,24.000000,6.000000,145,12.000000,3.000000,0.000386,0.000000,2417.806338,-1.0,1.000000,0,-1.0,-1.0,-1.0,3,0,50,4594,0,0
105,0.000000,630866,0,4.178241,71.020062,3.589506,0.000000,0.000000,20.976080,306,71.020062,21.212191,-1.0,-1.0,0.025237,630866,4.178241,0.012600,-1.0,71.256173,0,360,1,5,1,1.500000,0.025237,120.000000,100,24.000000,6.000000,145,12.000000,3.000000,0.000386,0.000000,2551.692849,-1.0,1.000000,0,-1.0,-1.0,-1.0,3,0,50,4652,0,0
106,0.000000,649130,0,4.222222,69.957562,3.626543,0.000000,0.000000,21.948302,318,69.957562,22.193673,-1.0,-1.0,0.025237,649130,4.222222,0.012600,-1.0,70.202932,0,360,1,5,1,1.500000,0.025237,120.000000,100,24.000000,6.000000,145,12.000000,3.000000,0.000386,0.000000,2441.759279,-1.0,1.000000,0,-1.0,-1.0,-1.0,3,0,50,4700,0,0
107,0.000000,667394,0,4.249228,68.840278,3.669753,0.000000,0.000000,22.991512,323,68.840278,23.240741,-1.0,-1.0,0.025237,667394,4.249228,0.013017,-1.0,69.089506,0,360,1,5,1,1.500000,0.025237,120.000000,100,24.000000,6.000000,145,12.000000,3.000000,0.000386,0.000000,2581.399788,-1.0,1.000000,0,-1.0,-1.0,-1.0,3,0,50,4756,0,0
108,0.000000,684138,0,4.277778,67.752315,3.737654,0.000000,0.000000,24.000772,300,67.752315,24.232253,-1.0,-1.0,0.025237,684138,4.277778,0.013418,-1.0,67.983796,0,360,1,5,1,1.500000,0.025237,120.000000,100,24.000000,6.000000,145,12.000000,3.000000,0.000386,0.000000,2507.526367,-1.0,1.000000,0,-1.0,-1.0,-1.0,3,0,50,4844,0,0
109,0.000000,704126,0,4.329475,66.668210,3.714506,0.000000,0.000000,25.022377,344,66.668210,25.287809,-1.0,-1.0,0.025237,704126,4.329475,0.013897,-1.0,66.933642,0,360,1,5,1,1.500000,0.025237,120.000000,100,24.000000,6.000000,145,12.000000,3.000000,0.000386,0.000000,2636.356445,-1.0,1.000000,0,-1.0,-1.0,-1.0,3,0,50,4814,0,0
110,0.000000,723086,0,4.356481,65.527778,3.719136,0.000000,0.000000,26.118827,360,65.527778,26.396605,-1.0,-1.0,0.025237,723086,4.356481,0.013897,-1.0,65.805556,0,360,1,5,1,1.500000,0.025237,120.000000,100,24.000000,6.000000,145,12.000000,3.000000,0.000386,0.000000,2537.888592,-1.0,1.000000,0,-1.0,-1.0,-1.0,3,0,50,4820,0,0
111,0.000000,742326,0,4.371914,64.384259,3.730710,0.000000,0.000000,27.214506,387,64.384259,27.513117,-1.0,-1.0,0.025237,742326,4.371914,0.014028,-1.0,64.682870,0,360,1,5,1,1.500000,0.025237,120.000000,100,24.000000,6.000000,145,12.000000,3.000000,0.000386,0.000000,2667.296791,-1.0,1.000000,0,-1.0,-1.0,-1.0,3,0,50,4835,0,0
112,0.000000,761678,0,4.388117,63.239198,3.760802,0.000000,0.000000,28.310957,390,63.239198,28.611883,-1.0,-1.0,0.025237,761678,4.388117,0.014120,-1.0,63.540123,0,360,1,5,1,1.500000,0.025237,120.000000,100,24.000000,6.000000,145,12.000000,3.000000,0.000386,0.000000,2555.863415,-1.0,1.000000,0,-1.0,-1.0,-1.0,3,0,50,4874,0,0
113,0.000000,781434,0,4.443673,62.099537,3.766204,0.000000,0.000000,29.422068,348,62.099537,29.690586,-1.0,-1.0,0.025237,781434,4.443673,0.014159,-1.0,62.368056,0,360,1,5,1,1.500000,0.025237,120.000000,100,24.000000,6.000000,145,12.000000,3.000000,0.000386,0.000000,2676.998374,-1.0,1.000000,0,-1.0,-1.0,-1.0,3,0,50,4881,0,0
114,0.000000,801178,0,4.458333,60.932870,3.748457,0.000000,0.000000,30.576389,368,60.932870,30.860340,-1.0,-1.0,0.025237,801178,4.458333,0.014159,-1.0,61.216821,0,360,1,5,1,1.500000,0.025237,120.000000,100,24.000000,6.000000,145,12.000000,3.000000,0.000386,0.000000,2584.797307,-1.0,1.000000,0,-1.0,-1.0,-1.0,3,0,50,4858,0,0
115,0.000000,820614,0,4.468364,59.695216,3.757716,0.000000,0.000000,31.784722,381,59.695216,32.078704,-1.0,-1.0,0.025237,820614,4.468364,0.014159,-1.0,59.989198,0,360,1,5,1,1.500000,0.025237,120.000000,100,24.000000,6.000000,145,12.000000,3.000000,0.000386,0.000000,2708.533283,-1.0,1.000000,0,-1.0,-1.0,-1.0,3,0,50,4870,0,0
116,0.000000,839726,0,4.479938,58.494599,3.793210,0.000000,0.000000,32.948302,368,58.494599,33.232253,-1.0,-1.0,0.025237,839726,4.479938,0.014298,-1.0,58.778549,0,360,1,5,1,1.500000,0.025237,120.000000,100,24.000000,6.000000,145,12.000000,3.000000,0.000386,0.000000,2589.456596,-1.0,1.000000,0,-1.0,-1.0,-1.0,3,0,50,4916,0,0
117,0.000000,859078,0,4.515432,57.277006,3.770833,0.000000,0.000000,34.182870,329,57.277006,34.436728,-1.0,-1.0,0.025237,859078,4.515432,0.014298,-1.0,57.530864,0,360,1,5,1,1.500000,0.025237,120.000000,100,24.000000,6.000000,145,12.000000,3.000000,0.000386,0.000000,2707.746411,-1.0,1.000000,0,-1.0,-1.0,-1.0,3,0,50,4887,0,0
118,0.000000,877062,0,4.493827,56.021605,3.752315,0.000000,0.000000,35.444444,373,56.021605,35.732253,-1.0,-1.0,0.025237,877062,4.493827,0.014298,-1.0,56.309414,0,360,1,5,1,1.500000,0.025237,120.000000,100,24.000000,6.000000,145,12.000000,3.000000,0.000386,0.000000,2615.753943,-1.0,1.000000,0,-1.0,-1.0,-1.0,3,0,50,4863,0,0
119,0.000000,897130,0,4.500772,54.804012,3.720679,0.000000,0.000000,36.677469,385,54.804012,36.974537,-1.0,-1.0,0.025237,897130,4.500772,0.014298,-1.0,55.101080,0,360,1,5,1,1.500000,0.025237,120.000000,100,24.000000,6.000000,145,12.000000,3.000000,0.000386,0.000000,2726.376025,-1.0,1.000000,0,-1.0,-1.0,-1.0,3,0,50,4822,0,0
120,0.000000,917342,0,4.514660,53.543210,3.700617,0.000000,0.000000,37.932099,401,53.543210,38.241512,-1.0,-1.0,0.025237,917342,4.514660,0.014298,-1.0,53.852623,0,360,1,5,1,1.500000,0.025237,120.000000,100,24.000000,6.000000,145,12.000000,3.000000,0.000386,0.000000,2620.550261,-1.0,1.000000,0,-1.0,-1.0,-1.0,3,0,50,4796,0,0
121,0.000000,934294,0,4.472222,52.328704,3.727623,0.000000,0.000000,39.178241,380,52.328704,39.471451,-1.0,-1.0,0.025237,934294,4.472222,0.014298,-1.0,52.621914,0,360,1,5,1,1.500000,0.025237,120.000000,100,24.000000,6.000000,145,12.000000,3.000000,0.000386,0.000000,2725.559558,-1.0,1.000000,0,-1.0,-1.0,-1.0,3,0,50,4831,0,0
122,0.000000,952594,0,4.449846,51.052469,3.723765,0.000000,0.000000,40.472222,391,51.052469,40.773920,-1.0,-1.0,0.025237,952594,4.449846,0.014298,-1.0,51.354167,0,360,1,5,1,1.500000,0.025237,120.000000,100,24.000000,6.000000,145,12.000000,3.000000,0.000386,0.000000,2610.379071,-1.0,1.000000,0,-1.0,-1.0,-1.0,3,0,50,4826,0,0
123,0.000000,973806,0,4.475309,49.724537,3.691358,0.000000,0.000000,41.825617,367,49.724537,42.108796,-1.0,-1.0,0.025237,973806,4.475309,0.014337,-1.0,50.007716,0,360,1,5,1,1.500000,0.025237,120.000000,100,24.000000,6.000000,145,12.000000,3.000000,0.000386,0.000000,2718.319808,-1.0,1.000000,0,-1.0,-1.0,-1.0,3,0,50,4784,0,0
124,0.000000,991350,0,4.435957,48.425926,3.679012,0.000000,0.000000,43.163580,383,48.425926,43.459105,-1.0,-1.0,0.025237,991350,4.435957,0.014337,-1.0,48.721451,0,360,1,5,1,1.500000,0.025237,120.000000,100,24.000000,6.000000,145,12.000000,3.000000,0.000386,0.000000,2618.731719,-1.0,1.000000,0,-1.0,-1.0,-1.0,3,0,50,4768,0,0
125,0.000000,1010770,0,4.431327,47.201389,3.639660,0.000000,0.000000,44.439043,374,47.201389,44.727623,-1.0,-1.0,0.025237,1010770,4.431327,0.014337,-1.0,47.489969,0,360,1,5,1,1.500000,0.025237,120.000000,100,24.000000,6.000000,145,12.000000,3.000000,0.000386,0.000000,2713.968874,-1.0,1.000000,0,-1.0,-1.0,-1.0,3,0,50,4717,0,0
126,0.000000,1028934,0,4.391975,45.990741,3.583333,0.000000,0.000000,45.731481,392,45.990741,46.033951,-1.0,-1.0,0.025237,1028934,4.391975,0.014337,-1.0,46.293210,0,360,1,5,1,1.500000,0.025237,120.000000,100,24.000000,6.000000,145,12.000000,3.000000,0.000386,0.000000,2577.393309,-1.0,1.000000,0,-1.0,-1.0,-1.0,3,0,50,4644,0,0
127,0.000000,1047938,0,4.350309,44.741512,3.543210,0.000000,0.000000,47.043210,417,44.741512,47.364969,-1.0,-1.0,0.025237,1047938,4.350309,0.014337,-1.0,45.063272,0,360,1,5,1,1.500000,0.025237,120.000000,100,24.000000,6.000000,145,12.000000,3.000000,0.000386,0.000000,2668.408680,-1.0,1.000000,0,-1.0,-1.0,-1.0,3,0,50,4592,0,0
128,0.000000,1066126,0,4.333333,43.498457,3.533951,0.000000,0.000000,48.346451,373,43.498457,48.634259,-1.0,-1.0,0.025237,1066126,4.333333,0.014337,-1.0,43.786265,0,360,1,5,1,1.500000,0.025237,120.000000,100,24.000000,6.000000,145,12.000000,3.000000,0.000386,0.000000,2527.074793,-1.0,1.000000,0,-1.0,-1.0,-1.0,3,0,50,4580,0,0
129,0.000000,1085526,0,4.327160,42.294753,3.459105,0.000000,0.000000,49.641204,360,42.294753,49.918981,-1.0,-1.0,0.025237,1085526,4.327160,0.014337,-1.0,42.572531,0,360,1,5,1,1.500000,0.025237,120.000000,100,24.000000,6.000000,145,12.000000,3.000000,0.000386,0.000000,2610.587603,-1.0,1.000000,0,-1.0,-1.0,-1.0,3,0,50,4483,0,0
130,0.000000,1102762,0,4.274691,41.051698,3.398920,0.000000,0.000000,50.982253,379,41.051698,51.274691,-1.0,-1.0,0.025237,1102762,4.274691,0.014337,-1.0,41.344136,0,360,1,5,1,1.500000,0.025237,120.000000,100,24.000000,6.000000,145,12.000000,3.000000,0.000386,0.000000,2474.230333,-1.0,1.000000,0,-1.0,-1.0,-1.0,3,0,50,4405,0,0
131,0.000000,1121922,0,4.236111,39.855710,3.319444,0.000000,0.000000,52.280864,399,39.855710,52.588735,-1.0,-1.0,0.025237,1121922,4.236111,0.014337,-1.0,40.163580,0,360,1,5,1,1.500000,0.025237,120.000000,100,24.000000,6.000000,145,12.000000,3.000000,0.000386,0.000000,2551.992436,-1.0,1.000000,0,-1.0,-1.0,-1.0,3,0,50,4302,0,0
132,0.000000,1138926,0,4.153549,38.645833,3.278549,0.000000,0.000000,53.599537,418,38.645833,53.922068,-1.0,-1.0,0.025237,1138926,4.153549,0.014337,-1.0,38.968364,0,360,1,5,1,1.500000,0.025237,120.000000,100,24.000000,6.000000,145,12.000000,3.000000,0.000386,0.000000,2435.666783,-1.0,1.000000,0,-1.0,-1.0,-1.0,3,0,50,4249,0,0
133,0.000000,1154938,0,4.112654,37.467593,3.269290,0.000000,0.000000,54.861883,374,37.467593,55.150463,-1.0,-1.0,0.025237,1154938,4.112654,0.014337,-1.0,37.756173,0,360,1,5,1,1.500000,0.025237,120.000000,100,24.000000,6.000000,145,12.000000,3.000000,0.000386,0.000000,2506.495285,-1.0,1.000000,0,-1.0,-1.0,-1.0,3,0,50,4237,0,0
134,0.000000,1171730,0,4.070988,36.267747,3.224537,0.000000,0.000000,56.154321,366,36.267747,56.436728,-1.0,-1.0,0.025237,1171730,4.070988,0.014337,-1.0,36.550154,0,360,1,5,1,1.500000,0.025237,120.000000,100,24.000000,6.000000,145,12.000000,3.000000,0.000386,0.000000,2379.728296,-1.0,1.000000,0,-1.0,-1.0,-1.0,3,0,50,4179,0,0
135,0.000000,1190582,0,4.047068,35.113426,3.125000,0.000000,0.000000,57.405093,401,35.113426,57.714506,-1.0,-1.0,0.025237,1190582,4.047068,0.014337,-1.0,35.422840,0,360,1,5,1,1.500000,0.025237,120.000000,100,24.000000,6.000000,145,12.000000,3.000000,0.000386,0.000000,2446.460772,-1.0,1.000000,0,-1.0,-1.0,-1.0,3,0,50,4050,0,0
136,0.000000,1207162,0,3.989198,33.923611,3.084105,0.000000,0.000000,58.711420,378,33.923611,59.003086,-1.0,-1.0,0.025237,1207162,3.989198,0.014337,-1.0,34.215278,0,360,1,5,1,1.500000,0.025237,120.000000,100,24.000000,6.000000,145,12.000000,3.000000,0.000386,0.000000,2337.147287,-1.0,1.000000,0,-1.0,-1.0,-1.0,3,0,50,3997,0,0
137,0.000000,1223834,0,3.936728,32.742284,3.021605,0.000000,0.000000,59.993827,396,32.742284,60.299383,-1.0,-1.0,0.025237,1223834,3.936728,0.014337,-1.0,33.047840,0,360,1,5,1,1.500000,0.025237,120.000000,100,24.000000,6.000000,145,12.000000,3.000000,0.000386,0.000000,2400.596005,-1.0,1.000000,0,-1.0,-1.0,-1.0,3,0,50,3916,0,0
138,0.000000,1240450,0,3.899691,31.650463,2.959105,0.000000,0.000000,61.212191,361,31.650463,61.490741,-1.0,-1.0,0.025237,1240450,3.899691,0.014337,-1.0,31.929012,0,360,1,5,1,1.500000,0.025237,120.000000,100,24.000000,6.000000,145,12.000000,3.000000,0.000386,0.000000,2291.265577,-1.0,1.000000,0,-1.0,-1.0,-1.0,3,0,50,3835,0,0
139,0.000000,1255102,0,3.843364,30.493827,2.932870,0.000000,0.000000,62.483796,319,30.493827,62.729938,-1.0,-1.0,0.025237,1255102,3.843364,0.014337,-1.0,30.739969,0,360,1,5,1,1.500000,0.025237,120.000000,100,24.000000,6.000000,145,12.000000,3.000000,0.000386,0.000000,2350.821933,-1.0,1.000000,0,-1.0,-1.0,-1.0,3,0,50,3801,0,0
140,0.000000,1269626,0,3.756173,29.430556,2.851080,0.000000,0.000000,63.688272,355,29.430556,63.962191,-1.0,-1.0,0.025237,1269626,3.756173,0.014337,-1.0,29.704475,0,360,1,5,1,1.500000,0.025237,120.000000,100,24.000000,6.000000,145,12.000000,3.000000,0.000386,0.000000,2240.100283,-1.0,1.000000,0,-1.0,-1.0,-1.0,3,0,50,3695,0,0
141,0.000000,1283566,0,3.695988,28.334105,2.786265,0.000000,0.000000,64.920525,341,28.334105,65.183642,-1.0,-1.0,0.025237,1283566,3.695988,0.014337,-1.0,28.597222,0,360,1,5,1,1.500000,0.025237,120.000000,100,24.000000,6.000000,145,12.000000,3.000000,0.000386,0.000000,2295.123939,-1.0,1.000000,0,-1.0,-1.0,-1.0,3,0,50,3611,0,0
142,0.000000,1298042,0,3.627315,27.247685,2.726852,0.000000,0.000000,66.128858,349,27.247685,66.398148,-1.0,-1.0,0.025237,1298042,3.627315,0.014337,-1.0,27.516975,0,360,1,5,1,1.500000,0.025237,120.000000,100,24.000000,6.000000,145,12.000000,3.000000,0.000386,0.000000,2178.686102,-1.0,1.000000,0,-1.0,-1.0,-1.0,3,0,50,3534,0,0
143,0.000000,1312442,0,3.554784,26.200617,2.646605,0.000000,0.000000,67.334105,342,26.200617,67.597994,-1.0,-1.0,0.025237,1312442,3.554784,0.014337,-1.0,26.464506,0,360,1,5,1,1.500000,0.025237,120.000000,100,24.000000,6.000000,145,12.000000,3.000000,0.000386,0.000000,2228.811518,-1.0,1.000000,0,-1.0,-1.0,-1.0,3,0,50,3430,0,0
144,0.000000,1326262,0,3.494599,25.166667,2.573302,0.000000,0.000000,68.511574,329,25.166667,68.765432,-1.0,-1.0,0.025237,1326262,3.494599,0.014337,-1.0,25.420525,0,360,1,5,1,1.500000,0.025237,120.000000,100,24.000000,6.000000,145,12.000000,3.000000,0.000386,0.000000,2127.043671,-1.0,1.000000,0,-1.0,-1.0,-1.0,3,0,50,3335,0,0
