Time,virion_half_life,dip_half_life,ifn_half_life,Global IFN Concentration Per Cell,Total Extracellular Virions,Total Extracellular DIPs,Percentage Dead Cells,Percentage Susceptible Cells,Percentage Infected Cells,Percentage Infected DIP-only Cells,Percentage Infected Both Cells,Percentage Antiviral Cells,Regrowth Count,Percentage Susceptible and Antiviral (Real Susceptible cells without regrowthed ones) Cells,Percentage Regrowthed or Regrowthed and Antiviral Cells,Probability Virion Infection,Probability DIP Infection,Per Particle Infection Chance RHO,Total Local Particles,Plaque Percentage,max_global_IFN,time_all_cells_uninfected,Percentage Uninfected Cells,num_plaques,GRID_SIZE,TIMESTEP,IFN_DELAY,STD_IFN_DELAY,ALPHA,RHO,TAU,BURST_SIZE_V,REGROWTH_MEAN,REGROWTH_STD,TIME_STEPS,MEAN_LYSIS_TIME,STANDARD_LYSIS_TIME,init_v_pfu_per_cell,init_d_pfu_per_cell,MEAN_ANTI_TIME_Per_Cell,STD_ANTI_TIME,R,BURST_SIZE_D,H,option,d_pfu_initial,v_pfu_initial,virionOnlyInfected,dipOnlyInfected,bothInfected,totalDeadFromV,totalDeadFromBoth,virionDiffusionRate,dipDiffusionRate,k_JumpR,jumpRadiusV,jumpRadiusD,jumpRandomly,par_celltocell_random,allowVirionJump,allowDIPJump,IFN_wave_radius,ifnWave,ifnBothFold,D_only_IFN_stimulate_ratio,BOTH_IFN_stimulate_ratio,totalRandomJumpVirions,totalRandomJumpDIPs,dipAdvantage
0,3.2,3.2,0.0,-0.000173,28,82,0.0,99.965374,0.034626,0.017313,0.0,0.0,0,99.965374,0.0,"variate, depending on radius 10 of IFN","variate, depending on radius 10 of IFN",0.018,110,0.0,-1.0,-1.0,99.965374,0,76,1,0,0,0.0,0.018,0.0,800,24.0,6.0,26,5.0,1.25,0.00606,0.017313,-1.0,-1.0,0.0,900,-1.0,4,35,100,1,1,0,0,0,0,0,0.5,0,0,False,False,False,False,0,False,0.0,5.0,10.0,0,0,1.125
1,3.2,3.2,0.0,-0.000173,23,78,0.0,99.948061,0.051939,0.034626,0.0,0.0,0,99.948061,0.0,"variate, depending on radius 10 of IFN","variate, depending on radius 10 of IFN",0.018,101,0.0,-1.0,-1.0,99.948061,0,76,1,0,0,0.0,0.018,0.0,800,24.0,6.0,26,5.0,1.25,0.00606,0.017313,-1.0,-1.0,0.0,900,-1.0,4,35,100,1,2,0,0,0,0,0,0.5,0,0,False,False,False,False,0,False,0.0,5.0,10.0,0,0,1.125
2,3.2,3.2,0.0,-0.000173,19,76,0.0,99.930748,0.069252,0.051939,0.0,0.0,0,99.930748,0.0,"variate, depending on radius 10 of IFN","variate, depending on radius 10 of IFN",0.018,95,0.0,-1.0,-1.0,99.930748,0,76,1,0,0,0.0,0.018,0.0,800,24.0,6.0,26,5.0,1.25,0.00606,0.017313,-1.0,-1.0,0.0,900,-1.0,4,35,100,1,3,0,0,0,0,0,0.5,0,0,False,False,False,False,0,False,0.0,5.0,10.0,0,0,1.125
3,3.2,3.2,0.0,-0.000173,15,75,0.0,99.913435,0.086565,0.069252,0.0,0.0,0,99.913435,0.0,"variate, depending on radius 10 of IFN","variate, depending on radius 10 of IFN",0.018,90,0.0,-1.0,-1.0,99.913435,0,76,1,0,0,0.0,0.018,0.0,800,24.0,6.0,26,5.0,1.25,0.00606,0.017313,-1.0,-1.0,0.0,900,-1.0,4,35,100,1,4,0,0,0,0,0,0.5,0,0,False,False,False,False,0,False,0.0,5.0,10.0,0,0,1.125
4,3.2,3.2,0.0,-0.000173,12,75,0.0,99.982687,0.017313,0.0,0.0,0.0,0,99.982687,0.0,"variate, depending on radius 10 of IFN","variate, depending on radius 10 of IFN",0.018,87,0.0,-1.0,-1.0,99.982687,0,76,1,0,0,0.0,0.018,0.0,800,24.0,6.0,26,5.0,1.25,0.00606,0.017313,-1.0,-1.0,0.0,900,-1.0,4,35,100,1,0,0,0,0,0,0,0.5,0,0,False,False,False,False,0,False,0.0,5.0,10.0,0,0,1.125
5,3.2,3.2,0.0,-0.000173,10,75,0.0,99.982687,0.017313,0.0,0.0,0.0,0,99.982687,0.0,"variate, depending on radius 10 of IFN","variate, depending on radius 10 of IFN",0.018,85,0.0,-1.0,-1.0,99.982687,0,76,1,0,0,0.0,0.018,0.0,800,24.0,6.0,26,5.0,1.25,0.00606,0.017313,-1.0,-1.0,0.0,900,-1.0,4,35,100,1,0,0,0,0,0,0,0.5,0,0,False,False,False,False,0,False,0.0,5.0,10.0,0,0,1.125
6,3.2,3.2,0.0,-0.000173,8,75,0.0,99.948061,0.051939,0.034626,0.0,0.0,0,99.948061,0.0,"variate, depending on radius 10 of IFN","variate, depending on radius 10 of IFN",0.018,83,0.0,-1.0,-1.0,99.948061,0,76,1,0,0,0.0,0.018,0.0,800,24.0,6.0,26,5.0,1.25,0.00606,0.017313,-1.0,-1.0,0.0,900,-1.0,4,35,100,1,2,0,0,0,0,0,0.5,0,0,False,False,False,False,0,False,0.0,5.0,10.0,0,0,1.125
7,3.2,3.2,0.0,-0.000173,684,74,0.017313,99.930748,0.051939,0.051939,0.0,0.0,0,99.930748,0.0,"variate, depending on radius 10 of IFN","variate, depending on radius 10 of IFN",0.018,758,0.017313,-1.0,-1.0,99.930748,0,76,1,0,0,0.0,0.018,0.0,800,24.0,6.0,26,5.0,1.25,0.00606,0.017313,-1.0,-1.0,0.0,900,-1.0,4,35,100,0,3,0,1,0,0,0,0.5,0,0,False,False,False,False,0,False,0.0,5.0,10.0,0,0,1.125
8,3.2,3.2,0.0,-0.000173,584,74,0.017313,99.792244,0.190443,0.017313,0.0,0.0,0,99.792244,0.0,"variate, depending on radius 10 of IFN","variate, depending on radius 10 of IFN",0.018,658,0.017313,-1.0,-1.0,99.792244,0,76,1,0,0,0.0,0.018,0.0,800,24.0,6.0,26,5.0,1.25,0.00606,0.017313,-1.0,-1.0,0.0,900,-1.0,4,35,100,10,1,0,1,0,0,0,0.5,0,0,False,False,False,False,0,False,0.0,5.0,10.0,0,0,1.125
9,3.2,3.2,0.0,-0.000173,524,74,0.017313,99.619114,0.363573,0.017313,0.0,0.0,0,99.619114,0.0,"variate, depending on radius 10 of IFN","variate, depending on radius 10 of IFN",0.018,598,0.017313,-1.0,-1.0,99.619114,0,76,1,0,0,0.0,0.018,0.0,800,24.0,6.0,26,5.0,1.25,0.00606,0.017313,-1.0,-1.0,0.0,900,-1.0,4,35,100,20,1,0,1,0,0,0,0.5,0,0,False,False,False,False,0,False,0.0,5.0,10.0,0,0,1.125
10,3.2,3.2,0.0,-0.000174,484,74,0.017313,99.567175,0.415512,0.0,0.0,0.0,0,99.567175,0.0,"variate, depending on radius 10 of IFN","variate, depending on radius 10 of IFN",0.018,558,0.017313,-1.0,-1.0,99.567175,0,76,1,0,0,0.0,0.018,0.0,800,24.0,6.0,26,5.0,1.25,0.00606,0.017313,-1.0,-1.0,0.0,900,-1.0,4,35,100,24,0,0,1,0,0,0,0.5,0,0,False,False,False,False,0,False,0.0,5.0,10.0,0,0,1.125
11,3.2,3.2,0.0,-0.000174,462,74,0.017313,99.480609,0.502078,0.017313,0.0,0.0,0,99.480609,0.0,"variate, depending on radius 10 of IFN","variate, depending on radius 10 of IFN",0.018,536,0.017313,-1.0,-1.0,99.480609,0,76,1,0,0,0.0,0.018,0.0,800,24.0,6.0,26,5.0,1.25,0.00606,0.017313,-1.0,-1.0,0.0,900,-1.0,4,35,100,28,1,0,1,0,0,0,0.5,0,0,False,False,False,False,0,False,0.0,5.0,10.0,0,0,1.125
12,3.2,3.2,0.0,-0.000174,1110,74,0.034626,99.272853,0.692521,0.017313,0.0,0.0,0,99.272853,0.0,"variate, depending on radius 10 of IFN","variate, depending on radius 10 of IFN",0.018,1184,0.034626,-1.0,-1.0,99.272853,0,76,1,0,0,0.0,0.018,0.0,800,24.0,6.0,26,5.0,1.25,0.00606,0.017313,-1.0,-1.0,0.0,900,-1.0,4,35,100,39,1,0,2,0,0,0,0.5,0,0,False,False,False,False,0,False,0.0,5.0,10.0,0,0,1.125
13,3.2,3.2,0.0,-0.000174,1624,74,0.051939,98.891967,1.056094,0.034626,0.0,0.0,0,98.891967,0.0,"variate, depending on radius 10 of IFN","variate, depending on radius 10 of IFN",0.018,1698,0.051939,-1.0,-1.0,98.891967,0,76,1,0,0,0.0,0.018,0.0,800,24.0,6.0,26,5.0,1.25,0.00606,0.017313,-1.0,-1.0,0.0,900,-1.0,4,35,100,59,2,0,3,0,0,0,0.5,0,0,False,False,False,False,0,False,0.0,5.0,10.0,0,0,1.125
14,3.2,3.2,0.0,-0.000175,3395,74,0.103878,98.580332,1.315789,0.017313,0.0,0.0,0,98.580332,0.0,"variate, depending on radius 10 of IFN","variate, depending on radius 10 of IFN",0.018,3469,0.103878,-1.0,-1.0,98.580332,0,76,1,0,0,0.0,0.018,0.0,800,24.0,6.0,26,5.0,1.25,0.00606,0.017313,-1.0,-1.0,0.0,900,-1.0,4,35,100,75,1,0,6,0,0,0,0.5,0,0,False,False,False,False,0,False,0.0,5.0,10.0,0,0,1.125
15,3.2,3.2,0.0,-0.000175,7249,72,0.225069,97.905125,1.869806,0.0,0.0,0.0,0,97.905125,0.0,"variate, depending on radius 10 of IFN","variate, depending on radius 10 of IFN",0.018,7321,0.225069,-1.0,-1.0,97.905125,0,76,1,0,0,0.0,0.018,0.0,800,24.0,6.0,26,5.0,1.25,0.00606,0.017313,-1.0,-1.0,0.0,900,-1.0,4,35,100,108,0,0,13,0,0,0,0.5,0,0,False,False,False,False,0,False,0.0,5.0,10.0,0,0,1.125
16,3.2,3.2,0.0,-0.000176,11457,70,0.380886,96.970222,2.648892,0.0,0.0,0.0,0,96.970222,0.0,"variate, depending on radius 10 of IFN","variate, depending on radius 10 of IFN",0.018,11527,0.380886,-1.0,-1.0,96.970222,0,76,1,0,0,0.0,0.018,0.0,800,24.0,6.0,26,5.0,1.25,0.00606,0.017313,-1.0,-1.0,0.0,900,-1.0,4,35,100,153,0,0,22,0,0,0,0.5,0,0,False,False,False,False,0,False,0.0,5.0,10.0,0,0,1.125
17,3.2,3.2,0.0,-0.000178,14456,70,0.536704,95.446676,4.01662,0.017313,0.017313,0.0,0,95.446676,0.0,"variate, depending on radius 10 of IFN","variate, depending on radius 10 of IFN",0.018,14526,0.536704,-1.0,-1.0,95.446676,0,76,1,0,0,0.0,0.018,0.0,800,24.0,6.0,26,5.0,1.25,0.00606,0.017313,-1.0,-1.0,0.0,900,-1.0,4,35,100,230,1,1,31,0,0,0,0.5,0,0,False,False,False,False,0,False,0.0,5.0,10.0,0,0,1.125
18,3.2,3.2,0.0,-0.00018,15852,69,0.657895,94.442521,4.899584,0.017313,0.069252,0.0,0,94.442521,0.0,"variate, depending on radius 10 of IFN","variate, depending on radius 10 of IFN",0.018,15921,0.657895,-1.0,-1.0,94.442521,0,76,1,0,0,0.0,0.018,0.0,800,24.0,6.0,26,5.0,1.25,0.00606,0.017313,-1.0,-1.0,0.0,900,-1.0,4,35,100,278,1,4,38,0,0,0,0.5,0,0,False,False,False,False,0,False,0.0,5.0,10.0,0,0,1.125
19,3.2,3.2,0.0,-0.000181,22169,655,0.952216,93.386427,5.661357,0.0,0.103878,0.0,0,93.386427,0.0,"variate, depending on radius 10 of IFN","variate, depending on radius 10 of IFN",0.018,22824,0.952216,-1.0,-1.0,93.386427,0,76,1,0,0,0.0,0.018,0.0,800,24.0,6.0,26,5.0,1.25,0.00606,0.017313,-1.0,-1.0,0.0,900,-1.0,4,35,100,321,0,6,54,1,0,0,0.5,0,0,False,False,False,False,0,False,0.0,5.0,10.0,0,0,1.125
20,3.2,3.2,0.0,-0.000182,32232,543,1.436981,91.966759,6.59626,0.103878,0.17313,0.0,0,91.966759,0.0,"variate, depending on radius 10 of IFN","variate, depending on radius 10 of IFN",0.018,32775,1.436981,-1.0,-1.0,91.966759,0,76,1,0,0,0.0,0.018,0.0,800,24.0,6.0,26,5.0,1.25,0.00606,0.017313,-1.0,-1.0,0.0,900,-1.0,4,35,100,365,6,10,82,1,0,0,0.5,0,0,False,False,False,False,0,False,0.0,5.0,10.0,0,0,1.125
21,3.2,3.2,0.0,-0.000184,39861,474,1.990997,90.4259,7.583102,0.017313,0.277008,0.0,0,90.4259,0.0,"variate, depending on radius 10 of IFN","variate, depending on radius 10 of IFN",0.018,40335,1.990997,-1.0,-1.0,90.4259,0,76,1,0,0,0.0,0.018,0.0,800,24.0,6.0,26,5.0,1.25,0.00606,0.017313,-1.0,-1.0,0.0,900,-1.0,4,35,100,421,1,16,114,1,0,0,0.5,0,0,False,False,False,False,0,False,0.0,5.0,10.0,0,0,1.125
22,3.2,3.2,0.0,-0.000185,49254,956,2.839335,88.556094,8.604571,0.034626,0.467452,0.0,0,88.556094,0.0,"variate, depending on radius 10 of IFN","variate, depending on radius 10 of IFN",0.018,50210,2.839335,-1.0,-1.0,88.556094,0,76,1,0,0,0.0,0.018,0.0,800,24.0,6.0,26,5.0,1.25,0.00606,0.017313,-1.0,-1.0,0.0,900,-1.0,4,35,100,468,2,27,162,2,0,0,0.5,0,0,False,False,False,False,0,False,0.0,5.0,10.0,0,0,1.125
23,3.2,3.2,0.0,-0.000186,59831,4072,3.981994,86.75554,9.262465,0.121191,0.761773,0.0,0,86.75554,0.0,"variate, depending on radius 10 of IFN","variate, depending on radius 10 of IFN",0.018,63903,3.981994,-1.0,-1.0,86.75554,0,76,1,0,0,0.0,0.018,0.0,800,24.0,6.0,26,5.0,1.25,0.00606,0.017313,-1.0,-1.0,0.0,900,-1.0,4,35,100,484,7,44,219,11,0,0,0.5,0,0,False,False,False,False,0,False,0.0,5.0,10.0,0,0,1.125
24,3.2,3.2,0.0,-0.000187,62456,8164,5.072715,84.262465,10.66482,0.277008,1.83518,0.0,0,84.262465,0.0,"variate, depending on radius 10 of IFN","variate, depending on radius 10 of IFN",0.018,70620,5.072715,-1.0,-1.0,84.262465,0,76,1,0,0,0.0,0.018,0.0,800,24.0,6.0,26,5.0,1.25,0.00606,0.017313,-1.0,-1.0,0.0,900,-1.0,4,35,100,494,16,106,267,26,0,0,0.5,0,0,False,False,False,False,0,False,0.0,5.0,10.0,0,0,1.125
25,3.2,3.2,0.0,-0.000188,71419,14804,6.284626,82.565789,11.149584,0.225069,2.908587,0.0,0,82.565789,0.0,"variate, depending on radius 10 of IFN","variate, depending on radius 10 of IFN",0.018,86223,6.284626,-1.0,-1.0,82.565789,0,76,1,0,0,0.0,0.018,0.0,800,24.0,6.0,26,5.0,1.25,0.00606,0.017313,-1.0,-1.0,0.0,900,-1.0,4,35,100,463,13,168,316,47,0,0,0.5,0,0,False,False,False,False,0,False,0.0,5.0,10.0,0,0,1.125
